time,x,y,yaw,vx,vy,yaw_rate,lat_accel_g
0,0.0300138,0,0,30.0138,0,0,0
0.01,0.33091,0,0,30.1517,0,0,0
0.02,0.633185,0,0,30.2895,0,0,0
0.03,0.936838,0,0,30.4272,0,0,0
0.04,1.24187,0,0,30.5647,0,0,0
0.05,1.54827,0,0,30.7022,0,0,0
0.06,1.85605,0,0,30.8395,0,0,0
0.07,2.1652,0,0,30.9767,0,0,0
0.08,2.47572,0,0,31.1138,0,0,0
0.09,2.78761,0,0,31.2508,0,0,0
0.1,3.10087,0,0,31.3877,0,0,0
0.11,3.4155,0,0,31.5244,0,0,0
0.12,3.73149,0,0,31.661,0,0,0
0.13,4.04886,0,0,31.7975,0,0,0
0.14,4.36758,0,0,31.9339,0,0,0
0.15,4.68767,0,0,32.0702,0,0,0
0.16,5.00912,0,0,32.2063,0,0,0
0.17,5.33193,0,0,32.3423,0,0,0
0.18,5.6561,0,0,32.4783,0,0,0
0.19,5.98163,0,0,32.614,0,0,0
0.2,6.30852,0,0,32.7497,0,0,0
0.21,6.63676,0,0,32.8852,0,0,0
0.22,6.96636,0,0,33.0206,0,0,0
0.23,7.29731,0,0,33.1559,0,0,0
0.24,7.62961,0,0,33.2911,0,0,0
0.25,7.96327,0,0,33.4261,0,0,0
0.26,8.29827,0,0,33.5611,0,0,0
0.27,8.63462,0,0,33.6959,0,0,0
0.28,8.97232,0,0,33.8305,0,0,0
0.29,9.31137,0,0,33.9651,0,0,0
0.3,9.65176,0,0,34.0995,0,0,0
0.31,9.99349,0,0,34.2338,0,0,0
0.32,10.3366,0,0,34.3679,0,0,0
0.33,10.681,0,0,34.502,0,0,0
0.34,11.0267,0,0,34.6359,0,0,0
0.35,11.3738,0,0,34.7697,0,0,0
0.36,11.7223,0,0,34.9033,0,0,0
0.37,12.072,0,0,35.0368,0,0,0
0.38,12.4231,0,0,35.1702,0,0,0
0.39,12.7756,0,0,35.3035,0,0,0
0.4,13.1293,0,0,35.4366,0,0,0
0.41,13.4844,0,0,35.5697,0,0,0
0.42,13.8409,0,0,35.7025,0,0,0
0.43,14.1986,0,0,35.8353,0,0,0
0.44,14.5577,0,0,35.9679,0,0,0
0.45,14.9181,0,0,36.1004,0,0,0
0.46,15.2798,0,0,36.2327,0,0,0
0.47,15.6429,0,0,36.3649,0,0,0
0.48,16.0073,0,0,36.497,0,0,0
0.49,16.373,0,0,36.629,0,0,0
0.5,16.74,0,0,36.7608,0,0,0
0.51,17.1083,0,0,36.8925,0,0,0
0.52,17.478,0,0,37.0241,0,0,0
0.53,17.8489,0,0,37.1555,0,0,0
0.54,18.2212,0,0,37.2868,0,0,0
0.55,18.5948,0,0,37.4179,0,0,0
0.56,18.9697,0,0,37.5489,0,0,0
0.57,19.3459,0,0,37.6798,0,0,0
0.58,19.7234,0,0,37.8105,0,0,0
0.59,20.1022,0,0,37.9412,0,0,0
0.6,20.4824,0,0,38.0716,0,0,0
0.61,20.8638,0,0,38.202,0,0,0
0.62,21.2465,0,0,38.3322,0,0,0
0.63,21.6306,0,0,38.4622,0,0,0
0.64,22.0159,0,0,38.5921,0,0,0
0.65,22.4026,0,0,38.7219,0,0,0
0.66,22.7905,0,0,38.8516,0,0,0
0.67,23.1797,0,0,38.9811,0,0,0
0.68,23.5702,0,0,39.1104,0,0,0
0.69,23.962,0,0,39.2397,0,0,0
0.7,24.3552,0,0,39.3688,0,0,0
0.71,24.7496,0,0,39.4977,0,0,0
0.72,25.1452,0,0,39.6265,0,0,0
0.73,25.5422,0,0,39.7552,0,0,0
0.74,25.9405,0,0,39.8837,0,0,0
0.75,26.34,0,0,40.0121,0,0,0
0.76,26.7408,0,0,40.1403,0,0,0
0.77,27.1429,0,0,40.2684,0,0,0
0.78,27.5463,0,0,40.3964,0,0,0
0.79,27.951,0,0,40.5242,0,0,0
0.8,28.3569,0,0,40.6519,0,0,0
0.81,28.7642,0,0,40.7794,0,0,0
0.82,29.1727,0,0,40.9068,0,0,0
0.83,29.5824,0,0,41.0341,0,0,0
0.84,29.9935,0,0,41.1612,0,0,0
0.85,30.4058,0,0,41.2881,0,0,0
0.86,30.8194,0,0,41.4149,0,0,0
0.87,31.2342,0,0,41.5416,0,0,0
0.88,31.6503,0,0,41.6681,0,0,0
0.89,32.0677,0,0,41.7945,0,0,0
0.9,32.4863,0,0,41.9207,0,0,0
0.91,32.9062,0,0,42.0468,0,0,0
0.92,33.3274,0,0,42.1728,0,0,0
0.93,33.7498,0,0,42.2986,0,0,0
0.94,34.1735,0,0,42.4242,0,0,0
0.95,34.5984,0,0,42.5497,0,0,0
0.96,35.0246,0,0,42.6751,0,0,0
0.97,35.4521,0,0,42.8003,0,0,0
0.98,35.8807,0,0,42.9253,0,0,0
0.99,36.3107,0,0,43.0502,0,0,0
1,36.7419,0,0,43.175,0,0,0
1.01,37.1743,0,0,43.2996,0,0,0
1.02,37.608,0,0,43.4241,0,0,0
1.03,38.0429,0,0,43.5484,0,0,0
1.04,38.4791,0,0,43.6725,0,0,0
1.05,38.9165,0,0,43.7966,0,0,0
1.06,39.3551,0,0,43.9204,0,0,0
1.07,39.795,0,0,44.0442,0,0,0
1.08,40.2361,0,0,44.1677,0,0,0
1.09,40.6785,0,0,44.2911,0,0,0
1.1,41.1221,0,0,44.4144,0,0,0
1.11,41.5669,0,0,44.5375,0,0,0
1.12,42.013,0,0,44.6605,0,0,0
1.13,42.4602,0,0,44.7833,0,0,0
1.14,42.9087,0,0,44.906,0,0,0
1.15,43.3585,0,0,45.0285,0,0,0
1.16,43.8094,0,0,45.1508,0,0,0
1.17,44.2616,0,0,45.273,0,0,0
1.18,44.715,0,0,45.3951,0,0,0
1.19,45.1696,0,0,45.517,0,0,0
1.2,45.6255,0,0,45.6387,0,0,0
1.21,46.0825,0,0,45.7603,0,0,0
1.22,46.5408,0,0,45.8818,0,0,0
1.23,47.0003,0,0,46.0031,0,0,0
1.24,47.461,0,0,46.1242,0,0,0
1.25,47.9229,0,0,46.2452,0,0,0
1.26,48.386,0,0,46.366,0,0,0
1.27,48.8503,0,0,46.4867,0,0,0
1.28,49.3159,0,0,46.6072,0,0,0
1.29,49.7826,0,0,46.7276,0,0,0
1.3,50.2505,0,0,46.8478,0,0,0
1.31,50.7197,0,0,46.9678,0,0,0
1.32,51.19,0,0,47.0877,0,0,0
1.33,51.6616,0,0,47.2075,0,0,0
1.34,52.1343,0,0,47.3271,0,0,0
1.35,52.6082,0,0,47.4465,0,0,0
1.36,53.0833,0,0,47.5658,0,0,0
1.37,53.5596,0,0,47.6849,0,0,0
1.38,54.0371,0,0,47.8038,0,0,0
1.39,54.5158,0,0,47.9226,0,0,0
1.4,54.9957,0,0,48.0413,0,0,0
1.41,55.4768,0,0,48.1598,0,0,0
1.42,55.959,0,0,48.2781,0,0,0
1.43,56.4425,0,0,48.3963,0,0,0
1.44,56.9271,0,0,48.5143,0,0,0
1.45,57.4129,0,0,48.6322,0,0,0
1.46,57.8998,0,0,48.7499,0,0,0
1.47,58.388,0,0,48.8674,0,0,0
1.48,58.8773,0,0,48.9848,0,0,0
1.49,59.3678,0,0,49.102,0,0,0
1.5,59.8595,0,0,49.2191,0,0,0
1.51,60.3523,0,0,49.336,0,0,0
1.52,60.8463,0,0,49.4528,0,0,0
1.53,61.3415,0,0,49.5694,0,0,0
1.54,61.8378,0,0,49.6858,0,0,0
1.55,62.3353,0,0,49.8021,0,0,0
1.56,62.834,0,0,49.9182,0,0,0
1.57,63.3338,0,0,50.0341,0,0,0
1.58,63.8348,0,0,50.1499,0,0,0
1.59,64.3369,0,0,50.2656,0,0,0
1.6,64.8402,0,0,50.3811,0,0,0
1.61,65.3446,0,0,50.4964,0,0,0
1.62,65.8502,0,0,50.6115,0,0,0
1.63,66.357,0,0,50.7265,0,0,0
1.64,66.8649,0,0,50.8414,0,0,0
1.65,67.3739,0,0,50.956,0,0,0
1.66,67.8841,0,0,51.0705,0,0,0
1.67,68.3954,0,0,51.1849,0,0,0
1.68,68.9079,0,0,51.2991,0,0,0
1.69,69.4215,0,0,51.4131,0,0,0
1.7,69.9363,0,0,51.527,0,0,0
1.71,70.4522,0,0,51.6407,0,0,0
1.72,70.9692,0,0,51.7542,0,0,0
1.73,71.4874,0,0,51.8676,0,0,0
1.74,72.0067,0,0,51.9808,0,0,0
1.75,72.5271,0,0,52.0939,0,0,0
1.76,73.0487,0,0,52.2068,0,0,0
1.77,73.5714,0,0,52.3195,0,0,0
1.78,74.0952,0,0,52.4321,0,0,0
1.79,74.6201,0,0,52.5445,0,0,0
1.8,75.1462,0,0,52.6567,0,0,0
1.81,75.6734,0,0,52.7688,0,0,0
1.82,76.2017,0,0,52.8807,0,0,0
1.83,76.7311,0,0,52.9925,0,0,0
1.84,77.2616,0,0,53.1041,0,0,0
1.85,77.7933,0,0,53.2155,0,0,0
1.86,78.326,0,0,53.3268,0,0,0
1.87,78.8599,0,0,53.4379,0,0,0
1.88,79.3949,0,0,53.5488,0,0,0
1.89,79.931,0,0,53.6596,0,0,0
1.9,80.4682,0,0,53.7702,0,0,0
1.91,81.0065,0,0,53.8807,0,0,0
1.92,81.5459,0,0,53.9909,0,0,0
1.93,82.0865,0,0,54.1011,0,0,0
1.94,82.6281,0,0,54.211,0,0,0
1.95,83.1708,0,0,54.3208,0,0,0
1.96,83.7146,0,0,54.4304,0,0,0
1.97,84.2595,0,0,54.5399,0,0,0
1.98,84.8055,0,0,54.6492,0,0,0
1.99,85.3526,0,0,54.7583,0,0,0
2,85.9008,0,0,54.8673,0,0,0
2.01,86.45,0,0,54.9761,0,0,0
2.02,87.0004,0,0,55.0847,0,0,0
2.03,87.5519,0,0,55.1932,0,0,0
2.04,88.1044,0,0,55.3015,0,0,0
2.05,88.658,0,0,55.4097,0,0,0
2.06,89.2127,0,0,55.5177,0,0,0
2.07,89.7684,0,0,55.6255,0,0,0
2.08,90.3253,0,0,55.7331,0,0,0
2.09,90.8832,0,0,55.8406,0,0,0
2.1,91.4422,0,0,55.9479,0,0,0
2.11,92.0023,0,0,56.0551,0,0,0
2.12,92.5634,0,0,56.1621,0,0,0
2.13,93.1256,0,0,56.2689,0,0,0
2.14,93.6889,0,0,56.3755,0,0,0
2.15,94.2532,0,0,56.482,0,0,0
2.16,94.8187,0,0,56.5884,0,0,0
2.17,95.3851,0,0,56.6945,0,0,0
2.18,95.9526,0,0,56.8005,0,0,0
2.19,96.5212,0,0,56.9063,0,0,0
2.2,97.0909,0,0,57.012,0,0,0
2.21,97.6616,0,0,57.1175,0,0,0
2.22,98.2333,0,0,57.2228,0,0,0
2.23,98.8061,0,0,57.328,0,0,0
2.24,99.38,0,0,57.433,0,0,0
2.25,99.9549,0,0,57.5378,0,0,0
2.26,100.531,0,0,57.6425,0,0,0
2.27,101.108,0,0,57.747,0,0,0
2.28,101.686,0,0,57.8513,0,0,0
2.29,102.265,0,0,57.9555,0,0,0
2.3,102.845,0,0,58.0595,0,0,0
2.31,103.426,0,0,58.1633,0,0,0
2.32,104.008,0,0,58.267,0,0,0
2.33,104.592,0,0,58.3705,0,0,0
2.34,105.176,0,0,58.4738,0,0,0
2.35,105.761,0,0,58.577,0,0,0
2.36,106.348,0,0,58.68,0,0,0
2.37,106.935,0,0,58.7828,0,0,0
2.38,107.523,0,0,58.8855,0,0,0
2.39,108.113,0,0,58.988,0,0,0
2.4,108.703,0,0,59.0904,0,0,0
2.41,109.295,0,0,59.1925,0,0,0
2.42,109.887,0,0,59.2945,0,0,0
2.43,110.481,0,0,59.3964,0,0,0
2.44,111.075,0,0,59.498,0,0,0
2.45,111.671,0,0,59.5995,0,0,0
2.46,112.267,0,0,59.7009,0,0,0
2.47,112.865,0,0,59.8021,0,0,0
2.48,113.463,0,0,59.9031,0,0,0
2.49,114.063,0,0,60.0039,0,0,0
2.5,114.664,0,0,60.1046,0,0,0
2.51,115.265,0,0,60.2051,0,0,0
2.52,115.868,0,0,60.3054,0,0,0
2.53,116.471,0,0,60.4056,0,0,0
2.54,117.076,0,0,60.5056,0,0,0
2.55,117.682,0,0,60.6054,0,0,0
2.56,118.288,0,0,60.7051,0,0,0
2.57,118.896,0,0,60.8046,0,0,0
2.58,119.504,0,0,60.9039,0,0,0
2.59,120.114,0,0,61.0031,0,0,0
2.6,120.725,0,0,61.1021,0,0,0
2.61,121.336,0,0,61.2009,0,0,0
2.62,121.949,0,0,61.2996,0,0,0
2.63,122.562,0,0,61.3981,0,0,0
2.64,123.177,0,0,61.4964,0,0,0
2.65,123.792,0,0,61.5946,0,0,0
2.66,124.409,0,0,61.6926,0,0,0
2.67,125.026,0,0,61.7905,0,0,0
2.68,125.645,0,0,61.8881,0,0,0
2.69,126.264,0,0,61.9856,0,0,0
2.7,126.885,0,0,62.083,0,0,0
2.71,127.506,0,0,62.1801,0,0,0
2.72,128.128,0,0,62.2772,0,0,0
2.73,128.752,0,0,62.374,0,0,0
2.74,129.376,0,0,62.4707,0,0,0
2.75,130.001,0,0,62.5672,0,0,0
2.76,130.627,0,0,62.6635,0,0,0
2.77,131.254,0,0,62.7597,0,0,0
2.78,131.883,0,0,62.8557,0,0,0
2.79,132.512,0,0,62.9515,0,0,0
2.8,133.142,0,0,63.0472,0,0,0
2.81,133.773,0,0,63.1427,0,0,0
2.82,134.405,0,0,63.2381,0,0,0
2.83,135.037,0,0,63.3332,0,0,0
2.84,135.671,0,0,63.4282,0,0,0
2.85,136.306,0,0,63.5231,0,0,0
2.86,136.942,0,0,63.6178,0,0,0
2.87,137.579,0,0,63.7123,0,0,0
2.88,138.216,0,0,63.8066,0,0,0
2.89,138.855,0,0,63.9008,0,0,0
2.9,139.494,0,0,63.9948,0,0,0
2.91,140.135,0,0,64.0887,0,0,0
2.92,140.776,0,0,64.1824,0,0,0
2.93,141.419,0,0,64.2759,0,0,0
2.94,142.062,0,0,64.3692,0,0,0
2.95,142.706,0,0,64.4624,0,0,0
2.96,143.351,0,0,64.5554,0,0,0
2.97,143.997,0,0,64.6483,0,0,0
2.98,144.644,0,0,64.741,0,0,0
2.99,145.292,0,0,64.8335,0,0,0
3,145.941,0,0,64.9259,0,0,0
3.01,146.59,0.00123038,0.001388,64.9638,0.135612,0.248762,1.64736
3.02,147.24,0.00480148,0.00511983,65.002,0.134331,0.470528,3.11777
3.03,147.891,0.0108846,0.0108984,65.0401,0.0178847,0.66068,4.3803
3.04,148.541,0.0196712,0.0183917,65.0771,-0.190827,0.816621,5.41726
3.05,149.192,0.0313621,0.0272518,65.1118,-0.468836,0.937549,6.22278
3.06,149.843,0.0461575,0.0371315,65.143,-0.794034,1.0242,6.80114
3.07,150.494,0.0642493,0.0476979,65.1702,-1.14591,1.07855,7.16507
3.08,151.146,0.0858143,0.0586438,65.1931,-1.50613,1.10358,7.33389
3.09,151.798,0.110993,0.0697255,65.2117,-1.86578,1.11172,7.39015
3.1,152.45,0.13982,0.080886,65.2261,-2.23048,1.11959,7.44406
3.11,153.102,0.172297,0.0921249,65.2361,-2.60032,1.12741,7.49723
3.12,153.754,0.208427,0.103442,65.2418,-2.97526,1.13521,7.54973
3.13,154.406,0.24821,0.114837,65.2429,-3.35529,1.14299,7.60164
3.14,155.058,0.291645,0.12631,65.2394,-3.74039,1.15078,7.65302
3.15,155.71,0.338732,0.13786,65.2312,-4.13058,1.15859,7.70397
3.16,156.361,0.389468,0.149489,65.2181,-4.52584,1.16642,7.75454
3.17,157.013,0.443851,0.161197,65.2001,-4.9262,1.17431,7.80483
3.18,157.664,0.501876,0.172984,65.1771,-5.33168,1.18227,7.85492
3.19,158.315,0.563539,0.18485,65.1488,-5.74232,1.1903,7.90489
3.2,158.966,0.628834,0.196798,65.1153,-6.15815,1.19844,7.95482
3.21,159.616,0.697753,0.208828,65.0764,-6.57923,1.20669,8.0048
3.22,160.266,0.770291,0.220941,65.0319,-7.00562,1.21508,8.05492
3.23,160.916,0.846436,0.233138,64.9818,-7.43739,1.22361,8.10526
3.24,161.565,0.926181,0.245422,64.9259,-7.87463,1.23232,8.15593
3.25,162.214,1.00951,0.257794,64.864,-8.31742,1.24122,8.207
3.26,162.862,1.09642,0.270256,64.7961,-8.76587,1.25033,8.25857
3.27,163.509,1.1869,0.282811,64.7219,-9.22008,1.25967,8.31074
3.28,164.156,1.28092,0.29546,64.6414,-9.6802,1.26926,8.3636
3.29,164.803,1.37847,0.308207,64.5542,-10.1463,1.27913,8.41724
3.3,165.448,1.47955,0.321054,64.4604,-10.6186,1.28929,8.47178
3.31,166.093,1.58413,0.334004,64.3595,-11.0973,1.29977,8.52729
3.32,166.737,1.69219,0.347061,64.2516,-11.5824,1.3106,8.58389
3.33,167.38,1.80372,0.360228,64.1363,-12.0742,1.32179,8.64167
3.34,168.022,1.91869,0.373509,64.0135,-12.5729,1.33338,8.70074
3.35,168.664,2.03708,0.386909,63.8828,-13.0787,1.34539,8.7612
3.36,169.304,2.15888,0.400431,63.7441,-13.5917,1.35785,8.82315
3.37,169.943,2.28405,0.41408,63.5971,-14.1123,1.37079,8.88669
3.38,170.582,2.41257,0.427862,63.4414,-14.6406,1.38424,8.95193
3.39,171.219,2.54442,0.441781,63.2769,-15.177,1.39824,9.01898
3.4,171.856,2.67958,0.455843,63.1031,-15.7216,1.41281,9.08793
3.41,172.491,2.818,0.470054,62.9198,-16.2748,1.42799,9.15891
3.42,173.125,2.95967,0.48442,62.7265,-16.8368,1.44382,9.232
3.43,173.758,3.10455,0.498949,62.5229,-17.408,1.46034,9.30732
3.44,174.389,3.25261,0.513646,62.3086,-17.9887,1.47759,9.38498
3.45,175.02,3.40382,0.528521,62.0831,-18.5792,1.49561,9.46507
3.46,175.649,3.55814,0.54358,61.8459,-19.1799,1.51446,9.54771
3.47,176.277,3.71554,0.558832,61.5966,-19.7911,1.53417,9.633
3.48,176.903,3.87599,0.574286,61.3345,-20.4133,1.55481,9.72104
3.49,177.528,4.03944,0.589953,61.0592,-21.0467,1.57642,9.81193
3.5,178.152,4.20586,0.605841,60.7699,-21.6919,1.59907,9.90577
3.51,178.774,4.37521,0.621961,60.466,-22.3492,1.62283,10.0027
3.52,179.395,4.54744,0.638325,60.1468,-23.0191,1.64776,10.1027
3.53,180.014,4.72252,0.654946,59.8115,-23.7021,1.67393,10.2059
3.54,180.632,4.9004,0.671835,59.4593,-24.3986,1.70143,10.3125
3.55,181.249,5.08103,0.689007,59.0892,-25.1091,1.73034,10.4225
3.56,181.864,5.26437,0.706477,58.7003,-25.8342,1.76077,10.5359
3.57,182.477,5.45038,0.724259,58.2915,-26.5743,1.7928,10.6529
3.58,183.089,5.639,0.742372,57.8618,-27.3299,1.82657,10.7735
3.59,183.699,5.83018,0.760832,57.4099,-28.1018,1.86218,10.8978
3.6,184.308,6.02388,0.779658,56.9344,-28.8903,1.89978,11.0258
3.61,184.915,6.22004,0.798873,56.4339,-29.6962,1.93953,11.1575
3.62,185.52,6.41861,0.818498,55.9068,-30.5201,1.98159,11.293
3.63,186.124,6.61953,0.838557,55.3515,-31.3625,2.02616,11.4323
3.64,186.727,6.82276,0.859076,54.766,-32.2242,2.07346,11.5754
3.65,187.328,7.02822,0.880084,54.1483,-33.1059,2.12374,11.7224
3.66,187.927,7.23587,0.901614,53.4962,-34.0082,2.17729,11.8733
3.67,188.525,7.44565,0.923698,52.8071,-34.932,2.23445,12.028
3.68,189.121,7.6575,0.946375,52.0783,-35.8781,2.29563,12.1868
3.69,189.716,7.87135,0.969689,51.3066,-36.8473,2.36132,12.3498
3.7,190.309,8.08715,0.993687,50.4887,-37.8408,2.43211,12.5172
3.71,190.901,8.30483,1.01842,49.6206,-38.8595,2.50878,12.6898
3.72,191.491,8.52433,1.04397,48.6977,-39.905,2.59237,12.8687
3.73,192.08,8.74559,1.07039,47.7147,-40.9791,2.6843,13.0561
3.74,192.668,8.96854,1.09778,46.6652,-42.0845,2.78683,13.2567
3.75,193.255,9.19311,1.12628,45.5411,-43.2258,2.90422,13.4823
3.76,193.84,9.41921,1.1561,44.3301,-44.4169,3.05165,13.79
3.77,194.425,9.64676,1.18751,43.0143,-45.6564,3.21453,14.0949
3.78,195.009,9.87573,1.22053,41.5876,-46.9252,3.37249,14.297
3.79,195.592,10.1061,1.2551,40.0477,-48.2131,3.5253,14.3915
3.8,196.174,10.3379,1.29117,38.3929,-49.5095,3.67278,14.374
3.81,196.755,10.571,1.32868,36.6218,-50.8035,3.81476,14.2409
3.82,197.336,10.8055,1.36759,34.7339,-52.0836,3.95114,13.9897
3.83,197.916,11.0413,1.40782,32.7294,-53.3382,4.08188,13.6185
3.84,198.495,11.2784,1.44933,30.6092,-54.5554,4.20697,13.1266
3.85,199.073,11.5169,1.49206,28.375,-55.7235,4.32649,12.5142
3.86,199.65,11.7566,1.53596,26.0292,-56.8304,4.44056,11.7823
3.87,200.227,11.9977,1.58097,23.5752,-57.8645,4.54941,10.9331
3.88,200.802,12.24,1.62704,21.017,-58.814,4.65329,9.96925
3.89,201.377,12.4836,1.67412,18.3593,-59.6677,4.75258,8.89442
3.9,201.951,12.7284,1.72217,15.6076,-60.4144,4.8477,7.71263
3.91,202.525,12.9745,1.77116,12.7678,-61.0435,4.93914,6.42834
3.92,203.097,13.2218,1.82104,9.8466,-61.5447,5.02747,5.04623
3.93,203.668,13.4702,1.87178,6.85101,-61.9081,5.11335,3.57101
3.94,204.239,13.7198,1.92338,3.78856,-62.1242,5.19745,2.00722
3.95,204.808,13.9705,1.97581,1,-62.184,5.28054,0.538281
3.96,205.369,14.2383,2.02907,1,-62.1723,5.3634,0.546727
3.97,205.915,14.5356,2.08316,1,-62.1614,5.44625,0.555174
3.98,206.444,14.8623,2.13808,1,-62.1514,5.52911,0.56362
3.99,206.954,15.2176,2.19383,1,-62.1421,5.61197,0.572066
4,207.443,15.6008,2.2504,1,-62.1337,5.69482,0.580512
4.01,207.909,16.0112,2.30781,1,-62.1262,5.77768,0.588958
4.02,208.351,16.4479,2.36604,1,-62.1194,5.86054,0.597405
4.03,208.766,16.9096,2.4251,1,-62.1135,5.9434,0.605851
4.04,209.154,17.3951,2.48499,1,-62.1084,6.02625,0.614297
4.05,209.511,17.903,2.54571,1,-62.1042,6.10911,0.622743
4.06,209.837,18.4318,2.60726,1,-62.1007,6.19197,0.63119
4.07,210.129,18.9796,2.66963,1,-62.0981,6.27483,0.639636
4.08,210.386,19.5447,2.73284,1,-62.0963,6.35768,0.648082
4.09,210.607,20.125,2.79687,1,-62.0954,6.44054,0.656528
4.1,210.79,20.7183,2.86173,1,-62.0953,6.5234,0.664974
4.11,210.934,21.3222,2.92742,1,-62.096,6.60626,0.673421
4.12,211.038,21.9344,2.99394,1,-62.0975,6.68911,0.681867
4.13,211.1,22.5521,3.06128,1,-62.0999,6.77197,0.690313
4.14,211.121,23.1727,3.12946,1,-62.1031,6.85483,0.698759
4.15,211.099,23.7932,3.19846,1,-62.1071,6.93769,0.707205
4.16,211.035,24.4108,3.2683,1,-62.112,7.02054,0.715652
4.17,210.927,25.0224,3.33896,1,-62.1177,7.1034,0.724098
4.18,210.775,25.6249,3.41045,1,-62.1242,7.18626,0.732544
4.19,210.581,26.215,3.48277,1,-62.1315,7.26911,0.74099
4.2,210.345,26.7895,3.55591,1,-62.1397,7.35197,0.749437
4.21,210.067,27.3452,3.62989,1,-62.1487,7.43483,0.757883
4.22,209.749,27.8787,3.70469,1,-62.1585,7.51769,0.766329
4.23,209.391,28.387,3.78032,1,-62.1692,7.60054,0.774775
4.24,208.995,28.8666,3.85679,1,-62.1807,7.6834,0.783221
4.25,208.564,29.3146,3.93408,1,-62.193,7.76626,0.791668
4.26,208.1,29.7279,4.01219,1,-62.2061,7.84912,0.800114
4.27,207.604,30.1036,4.09114,1,-62.2201,7.93197,0.80856
4.28,207.08,30.4388,4.17092,1,-62.2349,8.01483,0.817006
4.29,206.53,30.7311,4.25152,1,-62.2505,8.09769,0.825452
4.3,205.959,30.9781,4.33295,1,-62.267,8.18055,0.833899
4.31,205.369,31.1776,4.41521,1,-62.2842,8.2634,0.842345
4.32,204.765,31.3278,4.4983,1,-62.3024,8.34626,0.850791
4.33,204.15,31.4271,4.58222,1,-62.3213,8.42912,0.859237
4.34,203.528,31.4744,4.66697,1,-62.3411,8.51198,0.867684
4.35,202.905,31.4686,4.75254,1,-62.3617,8.59483,0.87613
4.36,202.284,31.4093,4.83895,1,-62.3831,8.67769,0.884576
4.37,201.671,31.2964,4.92618,1,-62.4053,8.76055,0.893022
4.38,201.069,31.1302,5.01424,1,-62.4284,8.84341,0.901468
4.39,200.485,30.9114,5.10313,1,-62.4523,8.92626,0.909915
4.4,199.922,30.6413,5.19285,1,-62.4771,9.00912,0.918361
4.41,199.385,30.3216,5.2834,1,-62.5027,9.09198,0.926807
4.42,198.88,29.9542,5.37477,1,-62.529,9.17483,0.935253
4.43,198.409,29.542,5.46698,1,-62.5563,9.25769,0.943699
4.44,197.979,29.0878,5.56001,1,-62.5843,9.34055,0.952146
4.45,197.593,28.5953,5.65387,1,-62.6132,9.42341,0.960592
4.46,197.255,28.0684,5.74856,1,-62.6429,9.50626,0.969038
4.47,196.968,27.5115,5.84408,1,-62.6735,9.58912,0.977484
4.48,196.736,26.9294,5.94043,1,-62.7048,9.67198,0.985931
4.49,196.561,26.3274,6.0376,1,-62.737,9.75484,0.994377
4.5,196.445,25.7108,6.13561,1,-62.7701,9.83769,1.00282
4.51,196.391,25.0855,6.23444,1,-62.8039,9.92055,1.01127
4.52,196.399,24.4576,6.3341,1,-62.8386,10.0034,1.01972
4.53,196.469,23.8332,6.43459,1,-62.8741,10.0863,1.02816
4.54,196.602,23.2188,6.53591,1,-62.9105,10.1691,1.03661
4.55,196.797,22.6206,6.63805,1,-62.9476,10.252,1.04505
4.56,197.052,22.0452,6.74103,1,-62.9856,10.3348,1.0535
4.57,197.365,21.4988,6.84483,1,-63.0244,10.4177,1.06195
4.58,197.733,20.9877,6.94947,1,-63.0641,10.5006,1.07039
4.59,198.154,20.5177,7.05493,1,-63.1046,10.5834,1.07884
4.6,198.622,20.0944,7.16122,1,-63.1459,10.6663,1.08729
4.61,199.133,19.7232,7.26834,1,-63.188,10.7491,1.09573
4.62,199.681,19.4086,7.37628,1,-63.231,10.832,1.10418
4.63,200.26,19.155,7.48506,1,-63.2748,10.9148,1.11262
4.64,200.863,18.9658,7.59466,1,-63.3194,10.9977,1.12107
4.65,201.485,18.844,7.7051,1,-63.3649,11.0806,1.12952
4.66,202.116,18.7915,7.81636,1,-63.4112,11.1634,1.13796
4.67,202.75,18.8097,7.92845,1,-63.4583,11.2463,1.14641
4.68,203.378,18.899,8.04136,1,-63.5062,11.3291,1.15485
4.69,203.993,19.0589,8.15511,1,-63.555,11.412,1.1633
4.7,204.586,19.2878,8.26969,1,-63.6046,11.4948,1.17175
4.71,205.149,19.5835,8.38509,1,-63.655,11.5777,1.18019
4.72,205.674,19.9425,8.50132,1,-63.7063,11.6606,1.18864
4.73,206.155,20.3605,8.61839,1,-63.7584,11.7434,1.19709
4.74,206.583,20.8324,8.73628,1,-63.8113,11.8263,1.20553
4.75,206.954,21.3519,8.85499,1,-63.865,11.9091,1.21398
4.76,207.26,21.9123,8.97454,1,-63.9196,11.992,1.22242
4.77,207.497,22.5058,9.09492,1,-63.975,12.0748,1.23087
4.78,207.661,23.124,9.21612,1,-64.0312,12.1577,1.23932
4.79,207.75,23.7582,9.33815,1,-64.0883,12.2406,1.24776
4.8,207.76,24.3989,9.46101,1,-64.1461,12.3234,1.25621
4.81,207.691,25.0366,9.5847,1,-64.2049,12.4063,1.26466
4.82,207.543,25.6614,9.70922,1,-64.2644,12.4891,1.2731
4.83,207.319,26.2635,9.83457,1,-64.3248,12.572,1.28155
4.84,207.021,26.8333,9.96075,1,-64.386,12.6548,1.28999
4.85,206.652,27.3614,10.0877,1,-64.448,12.7377,1.29844
4.86,206.22,27.839,10.2156,1,-64.5109,12.8206,1.30689
4.87,205.729,28.2577,10.3442,1,-64.5745,12.9034,1.31533
4.88,205.188,28.6101,10.4737,1,-64.639,12.9863,1.32378
4.89,204.606,28.8898,10.6041,1,-64.7044,13.0691,1.33223
4.9,203.991,29.0914,10.7352,1,-64.7706,13.152,1.34067
4.91,203.354,29.2108,10.8672,1,-64.8376,13.2348,1.34912
4.92,202.707,29.2452,11,1,-64.9054,13.3177,1.35756
4.93,202.06,29.1933,11.1336,1,-64.974,13.4006,1.36601
4.94,201.425,29.0553,11.2681,1,-65.0435,13.4834,1.37446
4.95,200.814,28.8329,11.4034,1,-65.1138,13.5663,1.3829
4.96,200.238,28.5297,11.5395,1,-65.185,13.6491,1.39135
4.97,199.708,28.1504,11.6764,1,-65.2569,13.732,1.3998
4.98,199.234,27.7017,11.8142,1,-65.3297,13.8148,1.40824
4.99,198.826,27.1915,11.9528,1,-65.4034,13.8977,1.41669
5,198.493,26.6291,12.0922,1,-65.4778,13.9806,1.42513
5.01,198.241,26.025,12.2325,1,-65.5531,14.0634,1.43358
5.02,198.075,25.3908,12.3736,1,-65.6292,14.1463,1.44203
5.03,198.001,24.7388,12.5155,1,-65.7062,14.2291,1.45047
5.04,198.02,24.0822,12.6583,1,-65.7839,14.312,1.45892
5.05,198.132,23.4341,12.8018,1,-65.8625,14.3948,1.46736
5.06,198.337,22.8082,12.9462,1,-65.942,14.4777,1.47581
5.07,198.63,22.2176,13.0915,1,-66.0222,14.5606,1.48426
5.08,199.006,21.6751,13.2375,1,-66.1033,14.6434,1.4927
5.09,199.457,21.1927,13.3844,1,-66.1852,14.7263,1.50115
5.1,199.976,20.7812,13.5321,1,-66.268,14.8091,1.5096
5.11,200.55,20.4504,13.6807,1,-66.3515,14.892,1.51804
5.12,201.167,20.208,13.8301,1,-66.4359,14.9749,1.52649
5.13,201.815,20.0602,13.9803,1,-66.5211,15.0577,1.53493
5.14,202.478,20.0112,14.1313,1,-66.6072,15.1406,1.54338
5.15,203.142,20.0629,14.2832,1,-66.6941,15.2234,1.55183
5.16,203.791,20.2148,14.4359,1,-66.7818,15.3063,1.56027
5.17,204.411,20.4642,14.5894,1,-66.8703,15.3891,1.56872
5.18,204.985,20.8061,14.7437,1,-66.9597,15.472,1.57717
5.19,205.501,21.2329,14.8989,1,-67.0499,15.5549,1.58561
5.2,205.945,21.7352,15.0549,1,-67.1409,15.6377,1.59406
5.21,206.305,22.3012,15.2117,1,-67.2328,15.7206,1.6025
5.22,206.573,22.9176,15.3694,1,-67.3255,15.8034,1.61095
5.23,206.741,23.5694,15.5279,1,-67.419,15.8863,1.6194
5.24,206.804,24.2404,15.6872,1,-67.5133,15.9691,1.62784
5.25,206.76,24.9139,15.8473,1,-67.6085,16.052,1.63629
5.26,206.608,25.5725,16.0083,1,-67.7045,16.1349,1.64474
5.27,206.352,26.199,16.1701,1,-67.8013,16.2177,1.65318
5.28,205.997,26.7768,16.3328,1,-67.899,16.3006,1.66163
5.29,205.553,27.2901,16.4962,1,-67.9975,16.3834,1.67007
5.3,205.03,27.7248,16.6605,1,-68.0968,16.4663,1.67852
5.31,204.443,28.0684,16.8256,1,-68.1969,16.5491,1.68697
5.32,203.806,28.3109,16.9916,1,-68.2979,16.632,1.69541
5.33,203.136,28.4447,17.1584,1,-68.3997,16.7149,1.70386
5.34,202.453,28.4654,17.326,1,-68.5023,16.7977,1.71231
5.35,201.774,28.3714,17.4944,1,-68.6058,16.8806,1.72075
5.36,201.12,28.1644,17.6637,1,-68.71,16.9634,1.7292
5.37,200.51,27.8496,17.8337,1,-68.8152,17.0463,1.73764
5.38,199.961,27.4352,18.0047,1,-68.9211,17.1291,1.74609
5.39,199.49,26.9325,18.1764,1,-69.0279,17.212,1.75454
5.4,199.111,26.3556,18.349,1,-69.1355,17.2949,1.76298
5.41,198.837,25.7212,18.5224,1,-69.2439,17.3777,1.77143
5.42,198.676,25.048,18.6966,1,-69.3532,17.4606,1.77987
5.43,198.635,24.3559,18.8717,1,-69.4632,17.5434,1.78832
5.44,198.715,23.6662,19.0476,1,-69.5742,17.6263,1.79677
5.45,198.916,23.0002,19.2243,1,-69.6859,17.7091,1.80521
5.46,199.23,22.3789,19.4018,1,-69.7985,17.792,1.81366
5.47,199.651,21.8222,19.5802,1,-69.9119,17.8749,1.82211
5.48,200.165,21.3484,19.7594,1,-70.0261,17.9577,1.83055
5.49,200.756,20.9733,19.9394,1,-70.1411,18.0406,1.839
5.5,201.405,20.7099,20.1203,1,-70.257,18.1234,1.84744
5.51,202.093,20.5677,20.302,1,-70.3737,18.2063,1.85589
5.52,202.796,20.5524,20.4845,1,-70.4913,18.2891,1.86434
5.53,203.492,20.6653,20.6679,1,-70.6096,18.372,1.87278
5.54,204.156,20.9038,20.852,1,-70.7288,18.4549,1.88123
5.55,204.766,21.2607,21.037,1,-70.8489,18.5377,1.88968
5.56,205.301,21.7248,21.2229,1,-70.9697,18.6206,1.89812
5.57,205.742,22.2808,21.4095,1,-71.0914,18.7034,1.90657
5.58,206.072,22.91,21.597,1,-71.2139,18.7863,1.91501
5.59,206.279,23.591,21.7853,1,-71.3373,18.8691,1.92346
5.6,206.355,24.3,21.9745,1,-71.4614,18.952,1.93191
5.61,206.296,25.0118,22.1645,1,-71.5864,19.0349,1.94035
5.62,206.102,25.7007,22.3553,1,-71.7123,19.1177,1.9488
5.63,205.781,26.3415,22.5469,1,-71.8389,19.2006,1.95725
5.64,205.343,26.9103,22.7394,1,-71.9664,19.2834,1.96569
5.65,204.803,27.3854,22.9327,1,-72.0947,19.3663,1.97414
5.66,204.181,27.7484,23.1268,1,-72.2239,19.4491,1.98258
5.67,203.499,27.9847,23.3217,1,-72.3538,19.532,1.99103
5.68,202.782,28.0842,23.5175,1,-72.4846,19.6149,1.99948
5.69,202.059,28.0423,23.7141,1,-72.6163,19.6977,2.00792
5.7,201.357,27.8593,23.9115,1,-72.7487,19.7806,2.01637
5.71,200.703,27.5413,24.1098,1,-72.882,19.8634,2.02482
5.72,200.124,27.0997,24.3089,1,-73.0161,19.9463,2.03326
5.73,199.643,26.5511,24.5088,1,-73.151,20.0292,2.04171
5.74,199.28,25.9166,24.7096,1,-73.2868,20.112,2.05015
5.75,199.05,25.2211,24.9111,1,-73.4234,20.1949,2.0586
5.76,198.965,24.4923,25.1135,1,-73.5608,20.2777,2.06705
5.77,199.028,23.7599,25.3168,1,-73.6991,20.3606,2.07549
5.78,199.238,23.0541,25.5208,1,-73.8382,20.4434,2.08394
5.79,199.588,22.4044,25.7257,1,-73.9781,20.5263,2.09238
5.8,200.064,21.8386,25.9314,1,-74.1188,20.6092,2.10083
5.81,200.646,21.3812,26.138,1,-74.2604,20.692,2.10928
5.82,201.312,21.0527,26.3454,1,-74.4028,20.7749,2.11772
5.83,202.032,20.8681,26.5536,1,-74.546,20.8577,2.12617
5.84,202.776,20.8366,26.7626,1,-74.6901,20.9406,2.13462
5.85,203.512,20.9607,26.9725,1,-74.835,21.0234,2.14306
5.86,204.207,21.2361,27.1832,1,-74.9807,21.1063,2.15151
5.87,204.831,21.6519,27.3947,1,-75.1272,21.1892,2.15995
5.88,205.354,22.1905,27.607,1,-75.2746,21.272,2.1684
5.89,205.752,22.8286,27.8202,1,-75.4228,21.3549,2.17685
5.9,206.006,23.538,28.0342,1,-75.5718,21.4377,2.18529
5.91,206.104,24.2867,28.249,1,-75.7217,21.5206,2.19374
5.92,206.04,25.0406,28.4647,1,-75.8724,21.6034,2.20219
5.93,205.815,25.7646,28.6812,1,-76.0239,21.6863,2.21063
5.94,205.439,26.4246,28.8985,1,-76.1762,21.7692,2.21908
5.95,204.928,26.9889,29.1166,1,-76.3294,21.852,2.22752
5.96,204.306,27.43,29.3356,1,-76.4834,21.9349,2.23597
5.97,203.602,27.7257,29.5554,1,-76.6382,22.0177,2.24442
5.98,202.848,27.8607,29.7761,1,-76.7939,22.1006,2.25286
5.99,202.081,27.8272,29.9975,1,-76.9503,22.1834,2.26131
6,201.339,27.6254,30.2198,1,-77.1077,22.2663,2.26976
6.01,200.659,27.2641,30.4429,1,-77.2658,22.3492,2.2782
6.02,200.074,26.7599,30.6669,1,-77.4248,22.432,2.28665
6.03,199.616,26.1371,30.8917,1,-77.5846,22.5149,2.29509
6.04,199.307,25.4261,31.1173,1,-77.7452,22.5977,2.30354
6.05,199.165,24.6624,31.3437,1,-77.9067,22.6806,2.31199
6.06,199.198,23.8848,31.571,1,-78.0689,22.7634,2.32043
6.07,199.407,23.1332,31.799,1,-78.232,22.8463,2.32888
6.08,199.781,22.447,32.028,1,-78.396,22.9292,2.33733
6.09,200.302,21.8625,32.2577,1,-78.5608,23.012,2.34577
6.1,200.944,21.4114,32.4883,1,-78.7264,23.0949,2.35422
6.11,201.674,21.1186,32.7197,1,-78.8928,23.1777,2.36266
6.12,202.454,21.001,32.9519,1,-79.06,23.2606,2.37111
6.13,203.241,21.0664,33.185,1,-79.2281,23.3434,2.37956
6.14,203.993,21.3126,33.4189,1,-79.397,23.4263,2.388
6.15,204.669,21.7275,33.6536,1,-79.5668,23.5092,2.39645
6.16,205.231,22.2896,33.8891,1,-79.7373,23.592,2.40489
6.17,205.647,22.969,34.1255,1,-79.9087,23.6749,2.41334
6.18,205.892,23.7285,34.3627,1,-80.081,23.7577,2.42179
6.19,205.952,24.5262,34.6008,1,-80.254,23.8406,2.43023
6.2,205.822,25.3172,34.8396,1,-80.4279,23.9234,2.43868
6.21,205.507,26.0563,35.0793,1,-80.6026,24.0063,2.44713
6.22,205.025,26.7009,35.3198,1,-80.7782,24.0892,2.45557
6.23,204.401,27.2128,35.5612,1,-80.9545,24.172,2.46402
6.24,203.671,27.5614,35.8034,1,-81.1317,24.2549,2.47246
6.25,202.878,27.7249,36.0464,1,-81.3098,24.3377,2.48091
6.26,202.066,27.6923,36.2902,1,-81.4886,24.4206,2.48936
6.27,201.285,27.4639,36.5348,1,-81.6683,24.5034,2.4978
6.28,200.581,27.052,36.7803,1,-81.8488,24.5863,2.50625
6.29,199.997,26.4798,37.0267,1,-82.0302,24.6692,2.5147
6.3,199.57,25.7809,37.2738,1,-82.2123,24.752,2.52314
6.31,199.326,24.9968,37.5218,1,-82.3953,24.8349,2.53159
6.32,199.282,24.175,37.7706,1,-82.5792,24.9177,2.54003
6.33,199.443,23.3661,38.0202,1,-82.7638,25.0006,2.54848
6.34,199.799,22.6204,38.2707,1,-82.9493,25.0835,2.55693
6.35,200.331,21.9851,38.522,1,-83.1356,25.1663,2.56537
6.36,201.006,21.5011,38.7741,1,-83.3227,25.2492,2.57382
6.37,201.782,21.2003,39.027,1,-83.5107,25.332,2.58227
6.38,202.61,21.1033,39.2808,1,-83.6995,25.4149,2.59071
6.39,203.438,21.2179,39.5354,1,-83.8891,25.4977,2.59916
6.4,204.212,21.5384,39.7909,1,-84.0796,25.5806,2.6076
6.41,204.881,22.0454,40.0471,1,-84.2709,25.6635,2.61605
6.42,205.401,22.7071,40.3042,1,-84.463,25.7463,2.6245
6.43,205.736,23.4812,40.5621,1,-84.6559,25.8292,2.63294
6.44,205.863,24.3171,40.8209,1,-84.8497,25.912,2.64139
6.45,205.771,25.1593,41.0804,1,-85.0443,25.9949,2.64984
6.46,205.464,25.9514,41.3408,1,-85.2397,26.0777,2.65828
6.47,204.963,26.6394,41.6021,1,-85.436,26.1606,2.66673
6.48,204.3,27.1756,41.8641,1,-85.6331,26.2435,2.67517
6.49,203.518,27.5221,42.127,1,-85.831,26.3263,2.68362
6.5,202.671,27.6536,42.3908,1,-86.0297,26.4092,2.69207
6.51,201.817,27.5592,42.6553,1,-86.2293,26.492,2.70051
6.52,201.016,27.2439,42.9207,1,-86.4297,26.5749,2.70896
6.53,200.324,26.7281,43.1869,1,-86.6309,26.6577,2.7174
6.54,199.792,26.0467,43.4539,1,-86.833,26.7406,2.72585
6.55,199.457,25.2469,43.7218,1,-87.0359,26.8235,2.7343
6.56,199.346,24.385,43.9905,1,-87.2396,26.9063,2.74274
6.57,199.468,23.5226,44.26,1,-87.4441,26.9892,2.75119
6.58,199.817,22.7223,44.5303,1,-87.6495,27.072,2.75964
6.59,200.369,22.0427,44.8015,1,-87.8557,27.1549,2.76808
6.6,201.084,21.5347,45.0735,1,-88.0627,27.2377,2.77653
6.61,201.911,21.2371,45.3463,1,-88.2706,27.3206,2.78497
6.62,202.79,21.1736,45.62,1,-88.4793,27.4035,2.79342
6.63,203.655,21.3507,45.8945,1,-88.6888,27.4863,2.80187
6.64,204.442,21.757,46.1698,1,-88.8991,27.5692,2.81031
6.65,205.09,22.3635,46.446,1,-89.1103,27.652,2.81876
6.66,205.549,23.1256,46.7229,1,-89.3223,27.7349,2.82721
6.67,205.782,23.9862,47.0007,1,-89.5351,27.8177,2.83565
6.68,205.77,24.8799,47.2794,1,-89.7488,27.9006,2.8441
6.69,205.511,25.7378,47.5588,1,-89.9632,27.9835,2.85254
6.7,205.025,26.4927,47.8391,1,-90.1786,28.0663,2.86099
6.71,204.347,27.0848,48.1202,1,-90.3947,28.1492,2.86944
6.72,203.529,27.4661,48.4022,1,-90.6117,28.232,2.87788
6.73,202.635,27.6049,48.685,1,-90.8295,28.3149,2.88633
6.74,201.736,27.4882,48.9686,1,-91.0481,28.3977,2.89478
6.75,200.904,27.1235,49.253,1,-91.2675,28.4806,2.90322
6.76,200.206,26.5382,49.5383,1,-91.4878,28.5635,2.91167
6.77,199.7,25.7781,49.8244,1,-91.7089,28.6463,2.92011
6.78,199.429,24.9039,50.1113,1,-91.9309,28.7292,2.92856
6.79,199.416,23.9864,50.399,1,-92.1537,28.812,2.93701
6.8,199.665,23.1011,50.6876,1,-92.3773,28.8949,2.94545
6.81,200.158,22.3216,50.977,1,-92.6017,28.9777,2.9539
6.82,200.854,21.7138,51.2672,1,-92.8269,29.0606,2.96235
6.83,201.697,21.33,51.5583,1,-93.053,29.1435,2.97079
6.84,202.617,21.2043,51.8502,1,-93.2799,29.2263,2.97924
6.85,203.537,21.3494,52.1429,1,-93.5077,29.3092,2.98768
6.86,204.377,21.7549,52.4365,1,-93.7362,29.392,2.99613
6.87,205.066,22.3881,52.7308,1,-93.9656,29.4749,3.00458
6.88,205.542,23.1959,53.026,1,-94.1959,29.5577,3.01302
6.89,205.763,24.1096,53.3221,1,-94.4269,29.6406,3.02147
6.9,205.707,25.0502,53.6189,1,-94.6588,29.7235,3.02991
6.91,205.377,25.9354,53.9166,1,-94.8915,29.8063,3.03836
6.92,204.801,26.6866,54.2151,1,-95.1251,29.8892,3.04681
6.93,204.027,27.236,54.5145,1,-95.3594,29.972,3.05525
6.94,203.123,27.5333,54.8147,1,-95.5946,30.0549,3.0637
6.95,202.169,27.5496,55.1157,1,-95.8307,30.1378,3.07215
6.96,201.251,27.2815,55.4175,1,-96.0675,30.2206,3.08059
6.97,200.453,26.7511,55.7202,1,-96.3052,30.3035,3.08904
6.98,199.847,26.0048,56.0237,1,-96.5437,30.3863,3.09748
6.99,199.492,25.1094,56.328,1,-96.7831,30.4692,3.10593
7,199.422,24.1463,56.6331,1,-97.0232,30.552,3.11438
7.01,199.645,23.2044,56.9391,1,-97.2642,30.6349,3.12282
7.02,200.143,22.3715,57.2459,1,-97.5061,30.7178,3.13127
7.03,200.871,21.7266,57.5535,1,-97.7487,30.8006,3.13972
7.04,201.763,21.3319,57.862,1,-97.9922,30.8835,3.14816
7.05,202.735,21.2266,58.1713,1,-98.2365,30.9663,3.15661
7.06,203.695,21.4229,58.4814,1,-98.4816,31.0492,3.16505
7.07,204.552,21.9044,58.7924,1,-98.7276,31.132,3.1735
7.08,205.221,22.6268,59.1041,1,-98.9744,31.2149,3.18195
7.09,205.637,23.5221,59.4167,1,-99.222,31.2978,3.19039
7.1,205.758,24.5045,59.7302,1,-99.4705,31.3806,3.19884
7.11,205.569,25.4786,60.0444,1,-99.7198,31.4635,3.20729
7.12,205.087,26.3486,60.3595,1,-99.9699,31.5463,3.21573
7.13,204.357,27.0278,60.6754,1,-100.221,31.6292,3.22418
7.14,203.449,27.4472,60.9922,1,-100.473,31.712,3.23262
7.15,202.454,27.563,61.3098,1,-100.725,31.7949,3.24107
7.16,201.47,27.3614,61.6282,1,-100.979,31.8778,3.24952
7.17,200.596,26.8603,61.9474,1,-101.233,31.9606,3.25796
7.18,199.922,26.1081,62.2675,1,-101.488,32.0435,3.26641
7.19,199.519,25.1798,62.5884,1,-101.744,32.1263,3.27485
7.2,199.429,24.169,62.9101,1,-102.001,32.2092,3.2833
7.21,199.664,23.1793,63.2326,1,-102.258,32.292,3.29175
7.22,200.203,22.3132,63.556,1,-102.517,32.3749,3.30019
7.23,200.991,21.6617,63.8802,1,-102.776,32.4578,3.30864
7.24,201.947,21.2946,64.2052,1,-103.036,32.5406,3.31709
7.25,202.974,21.2525,64.5311,1,-103.297,32.6235,3.32553
7.26,203.963,21.5424,64.8578,1,-103.558,32.7063,3.33398
7.27,204.808,22.136,65.1853,1,-103.821,32.7892,3.34242
7.28,205.418,22.9722,65.5137,1,-104.084,32.872,3.35087
7.29,205.727,23.9632,65.8428,1,-104.349,32.9549,3.35932
7.3,205.698,25.0033,66.1728,1,-104.614,33.0378,3.36776
7.31,205.333,25.9803,66.5037,1,-104.879,33.1206,3.37621
7.32,204.668,26.7875,66.8353,1,-105.146,33.2035,3.38466
7.33,203.774,27.3352,67.1678,1,-105.414,33.2863,3.3931
7.34,202.747,27.5613,67.5011,1,-105.682,33.3692,3.40155
7.35,201.701,27.4384,67.8353,1,-105.951,33.452,3.40999
7.36,200.75,26.9776,68.1703,1,-106.221,33.5349,3.41844
7.37,200.002,26.2278,68.5061,1,-106.492,33.6178,3.42689
7.38,199.542,25.2708,68.8427,1,-106.764,33.7006,3.43533
7.39,199.424,24.2129,69.1802,1,-107.036,33.7835,3.44378
7.4,199.664,23.1731,69.5185,1,-107.309,33.8663,3.45223
7.41,200.238,22.2698,69.8576,1,-107.584,33.9492,3.46067
7.42,201.081,21.6073,70.1975,1,-107.859,34.032,3.46912
7.43,202.1,21.2634,70.5383,1,-108.134,34.1149,3.47756
7.44,203.178,21.2801,70.8799,1,-108.411,34.1978,3.48601
7.45,204.19,21.6583,71.2223,1,-108.688,34.2806,3.49446
7.46,205.019,22.3566,71.5656,1,-108.967,34.3635,3.5029
7.47,205.565,23.2955,71.9097,1,-109.246,34.4463,3.51135
7.48,205.762,24.3664,72.2546,1,-109.526,34.5292,3.5198
7.49,205.585,25.4437,72.6004,1,-109.807,34.612,3.52824
7.5,205.052,26.3995,72.9469,1,-110.088,34.6949,3.53669
7.51,204.223,27.1189,73.2943,1,-110.371,34.7778,3.54513
7.52,203.197,27.5138,73.6426,1,-110.654,34.8606,3.55358
7.53,202.094,27.5344,73.9916,1,-110.938,34.9435,3.56203
7.54,201.048,27.1752,74.3415,1,-111.223,35.0263,3.57047
7.55,200.187,26.4773,74.6922,1,-111.509,35.1092,3.57892
7.56,199.617,25.5233,75.0438,1,-111.795,35.1921,3.58736
7.57,199.41,24.4285,75.3962,1,-112.083,35.2749,3.59581
7.58,199.594,23.3268,75.7494,1,-112.371,35.3578,3.60426
7.59,200.15,22.3547,76.1034,1,-112.66,35.4406,3.6127
7.6,201.011,21.634,76.4583,1,-112.95,35.5235,3.62115
7.61,202.072,21.2569,76.814,1,-113.24,35.6063,3.6296
7.62,203.2,21.273,77.1705,1,-113.532,35.6892,3.63804
7.63,204.254,21.6834,77.5278,1,-113.824,35.7721,3.64649
7.64,205.101,22.4389,77.886,1,-114.118,35.8549,3.65493
7.65,205.629,23.4458,78.245,1,-114.412,35.9378,3.66338
7.66,205.77,24.5771,78.6048,1,-114.706,36.0206,3.67183
7.67,205.503,25.6883,78.9655,1,-115.002,36.1035,3.68027
7.68,204.858,26.6359,79.327,1,-115.299,36.1863,3.68872
7.69,203.918,27.2956,79.6893,1,-115.596,36.2692,3.69717
7.7,202.802,27.5796,80.0525,1,-115.894,36.3521,3.70561
7.71,201.654,27.4478,80.4164,1,-116.193,36.4349,3.71406
7.72,200.627,26.9145,80.7812,1,-116.493,36.5178,3.7225
7.73,199.856,26.0473,81.1469,1,-116.794,36.6006,3.73095
7.74,199.445,24.9586,81.5133,1,-117.095,36.6835,3.7394
7.75,199.452,23.7921,81.8806,1,-117.397,36.7663,3.74784
7.76,199.878,22.7032,82.2487,1,-117.701,36.8492,3.75629
7.77,200.671,21.8389,82.6177,1,-118.005,36.9321,3.76474
7.78,201.724,21.3175,82.9875,1,-118.309,37.0149,3.77318
7.79,202.898,21.2123,83.3581,1,-118.615,37.0978,3.78163
7.8,204.033,21.5407,83.7295,1,-118.921,37.1806,3.79007
7.81,204.974,22.2607,84.1018,1,-119.229,37.2635,3.79852
7.82,205.589,23.2764,84.4749,1,-119.537,37.3463,3.80697
7.83,205.792,24.4497,84.8488,1,-119.846,37.4292,3.81541
7.84,205.552,25.6189,85.2235,1,-120.156,37.5121,3.82386
7.85,204.898,26.6213,85.5991,1,-120.466,37.5949,3.83231
7.86,203.919,27.3154,85.9755,1,-120.778,37.6778,3.84075
7.87,202.751,27.6015,86.3527,1,-121.09,37.7606,3.8492
7.88,201.556,27.4362,86.7308,1,-121.403,37.8435,3.85764
7.89,200.504,26.8397,87.1097,1,-121.717,37.9263,3.86609
7.9,199.746,25.8939,87.4894,1,-122.032,38.0092,3.87454
7.91,199.392,24.7313,87.87,1,-122.347,38.0921,3.88298
7.92,199.496,23.5173,88.2513,1,-122.664,38.1749,3.89143
7.93,200.046,22.4266,88.6335,1,-122.981,38.2578,3.89987
7.94,200.966,21.6179,89.0166,1,-123.299,38.3406,3.90832
7.95,202.124,21.211,89.4004,1,-123.618,38.4235,3.91677
7.96,203.354,21.2681,89.7851,1,-123.937,38.5063,3.92521
7.97,204.475,21.7841,90.1706,1,-124.258,38.5892,3.93366
7.98,205.321,22.6865,90.557,1,-124.579,38.6721,3.94211
7.99,205.766,23.8444,90.9442,1,-124.902,38.7549,3.95055
8,205.74,25.0878,91.3322,1,-125.225,38.8378,3.959
8.01,205.245,26.2317,91.721,1,-125.548,38.9206,3.96744
8.02,204.349,27.1041,92.1107,1,-125.873,39.0035,3.97589
8.03,203.187,27.5719,92.5012,1,-126.199,39.0863,3.98434
8.04,201.93,27.5614,92.8925,1,-126.525,39.1692,3.99278
8.05,200.77,27.0709,93.2846,1,-126.852,39.2521,4.00123
8.06,199.884,26.1716,93.6776,1,-127.18,39.3349,4.00968
8.07,199.408,24.9981,94.0714,1,-127.509,39.4178,4.01812
8.08,199.42,23.7288,94.466,1,-127.839,39.5006,4.02657
8.09,199.92,22.5588,94.8615,1,-128.169,39.5835,4.03501
8.1,200.835,21.6699,95.2578,1,-128.5,39.6663,4.04346
8.11,202.026,21.2024,95.6549,1,-128.833,39.7492,4.05191
8.12,203.308,21.2323,96.0529,1,-129.165,39.8321,4.06035
8.13,204.481,21.7584,96.4516,1,-129.499,39.9149,4.0688
8.14,205.36,22.7015,96.8512,1,-129.834,39.9978,4.07725
8.15,205.803,23.9154,97.2517,1,-130.169,40.0806,4.08569
8.16,205.737,25.2093,97.6529,1,-130.506,40.1635,4.09414
8.17,205.17,26.3776,98.055,1,-130.843,40.2464,4.10258
8.18,204.187,27.2324,98.4579,1,-131.181,40.3292,4.11103
8.19,202.945,27.6341,98.8617,1,-131.519,40.4121,4.11948
8.2,201.642,27.5147,99.2663,1,-131.859,40.4949,4.12792
8.21,200.488,26.8899,99.6717,1,-132.2,40.5778,4.13637
8.22,199.672,25.8577,100.078,1,-132.541,40.6606,4.14482
8.23,199.33,24.5838,100.485,1,-132.883,40.7435,4.15326
8.24,199.522,23.2754,100.893,1,-133.226,40.8264,4.16171
8.25,200.218,22.1476,101.302,1,-133.57,40.9092,4.17015
8.26,201.309,21.3881,101.711,1,-133.914,40.9921,4.1786
8.27,202.616,21.1256,102.122,1,-134.259,41.0749,4.18705
8.28,203.921,21.4072,102.533,1,-134.606,41.1578,4.19549
8.29,205.008,22.1896,102.945,1,-134.953,41.2406,4.20394
8.3,205.692,23.3451,103.358,1,-135.301,41.3235,4.21238
8.31,205.855,24.6814,103.771,1,-135.649,41.4064,4.22083
8.32,205.466,25.9735,104.186,1,-135.999,41.4892,4.22928
8.33,204.586,27.0017,104.601,1,-136.349,41.5721,4.23772
8.34,203.363,27.5885,105.017,1,-136.7,41.6549,4.24617
8.35,202.004,27.6306,105.434,1,-137.052,41.7378,4.25462
8.36,200.741,27.1167,105.852,1,-137.405,41.8206,4.26306
8.37,199.793,26.1317,106.271,1,-137.759,41.9035,4.27151
8.38,199.327,24.8431,106.69,1,-138.114,41.9864,4.27995
8.39,199.427,23.4729,107.111,1,-138.469,42.0692,4.2884
8.4,200.079,22.2598,107.532,1,-138.825,42.1521,4.29685
8.41,201.173,21.4176,107.954,1,-139.182,42.2349,4.30529
8.42,202.52,21.0972,108.377,1,-139.54,42.3178,4.31374
8.43,203.883,21.3587,108.8,1,-139.899,42.4006,4.32219
8.44,205.021,22.1599,109.225,1,-140.258,42.4835,4.33063
8.45,205.729,23.3618,109.65,1,-140.618,42.5664,4.33908
8.46,205.878,24.7523,110.076,1,-140.979,42.6492,4.34752
8.47,205.437,26.0834,110.503,1,-141.341,42.7321,4.35597
8.48,204.482,27.1147,110.931,1,-141.704,42.8149,4.36442
8.49,203.182,27.6579,111.359,1,-142.068,42.8978,4.37286
8.5,201.77,27.6108,111.789,1,-142.432,42.9806,4.38131
8.51,200.503,26.9781,112.219,1,-142.798,43.0635,4.38976
8.52,199.613,25.8714,112.65,1,-143.164,43.1464,4.3982
8.53,199.267,24.4905,113.082,1,-143.531,43.2292,4.40665
8.54,199.532,23.0881,113.515,1,-143.898,43.3121,4.41509
8.55,200.363,21.9234,113.948,1,-144.267,43.3949,4.42354
8.56,201.61,21.2142,114.383,1,-144.636,43.4778,4.43199
8.57,203.043,21.0959,114.818,1,-145.007,43.5606,4.44043
8.58,204.396,21.5946,115.254,1,-145.378,43.6435,4.44888
8.59,205.413,22.621,115.691,1,-145.75,43.7264,4.45733
8.6,205.902,23.9852,116.129,1,-146.122,43.8092,4.46577
8.61,205.765,25.4314,116.567,1,-146.496,43.8921,4.47422
8.62,205.025,26.6857,117.007,1,-146.87,43.9749,4.48266
8.63,203.819,27.5077,117.447,1,-147.246,44.0578,4.49111
8.64,202.373,27.7372,117.888,1,-147.622,44.1406,4.49956
8.65,200.964,27.3261,118.33,1,-147.999,44.2235,4.508
8.66,199.864,26.3492,118.772,1,-148.376,44.3064,4.51645
8.67,199.288,24.9917,119.216,1,-148.755,44.3892,4.52489
8.68,199.35,23.5145,119.66,1,-149.134,44.4721,4.53334
8.69,200.044,22.2045,120.106,1,-149.514,44.5549,4.54179
8.7,201.237,21.3191,120.552,1,-149.895,44.6378,4.55023
8.71,202.7,21.0349,120.998,1,-150.277,44.7206,4.55868
8.72,204.145,21.4121,121.446,1,-150.66,44.8035,4.56713
8.73,205.287,22.3805,121.895,1,-151.044,44.8864,4.57557
8.74,205.897,23.7519,122.344,1,-151.428,44.9692,4.58402
8.75,205.851,25.256,122.794,1,-151.813,45.0521,4.59246
8.76,205.152,26.5931,123.245,1,-152.199,45.1349,4.60091
8.77,203.937,27.4938,123.697,1,-152.586,45.2178,4.60936
8.78,202.447,27.7739,124.149,1,-152.974,45.3006,4.6178
8.79,200.981,27.3725,124.603,1,-153.362,45.3835,4.62625
8.8,199.836,26.3665,125.057,1,-153.751,45.4664,4.6347
8.81,199.248,24.9565,125.512,1,-154.141,45.5492,4.64314
8.82,199.34,23.4278,125.968,1,-154.532,45.6321,4.65159
8.83,200.099,22.0928,126.425,1,-154.924,45.7149,4.66003
8.84,201.372,21.2276,126.883,1,-155.317,45.7978,4.66848
8.85,202.9,21.0137,127.341,1,-155.71,45.8807,4.67693
8.86,204.369,21.5,127.8,1,-156.105,45.9635,4.68537
8.87,205.472,22.5899,128.26,1,-156.5,46.0464,4.69382
8.88,205.977,24.0603,128.721,1,-156.896,46.1292,4.70227
8.89,205.774,25.6056,129.183,1,-157.292,46.2121,4.71071
8.9,204.902,26.9019,129.646,1,-157.69,46.2949,4.71916
8.91,203.539,27.674,130.109,1,-158.088,46.3778,4.7276
8.92,201.971,27.7551,130.573,1,-158.488,46.4607,4.73605
8.93,200.529,27.1234,131.038,1,-158.888,46.5435,4.7445
8.94,199.521,25.9088,131.504,1,-159.289,46.6264,4.75294
8.95,199.167,24.367,131.971,1,-159.69,46.7092,4.76139
8.96,199.545,22.8267,132.438,1,-160.093,46.7921,4.76984
8.97,200.58,21.6197,132.907,1,-160.496,46.8749,4.77828
8.98,202.052,21.0088,133.376,1,-160.901,46.9578,4.78673
8.99,203.645,21.1305,133.846,1,-161.306,47.0407,4.79517
9,205.014,21.9632,134.317,1,-161.712,47.1235,4.80362
9.01,205.857,23.3298,134.789,1,-162.118,47.2064,4.81207
9.02,205.987,24.9344,135.261,1,-162.526,47.2892,4.82051
9.03,205.371,26.4259,135.735,1,-162.934,47.3721,4.82896
9.04,204.139,27.4744,136.209,1,-163.343,47.4549,4.8374
9.05,202.56,27.8451,136.684,1,-163.753,47.5378,4.84585
9.06,200.982,27.451,137.16,1,-164.164,47.6207,4.8543
9.07,199.758,26.375,137.636,1,-164.576,47.7035,4.86274
9.08,199.163,24.8533,138.114,1,-164.988,47.7864,4.87119
9.09,199.334,23.2243,138.592,1,-165.402,47.8692,4.87964
9.1,200.239,21.8541,139.071,1,-165.816,47.9521,4.88808
9.11,201.678,21.054,139.551,1,-166.231,48.0349,4.89653
9.12,203.328,21.0091,140.032,1,-166.647,48.1178,4.90497
9.13,204.814,21.7345,140.514,1,-167.063,48.2007,4.91342
9.14,205.798,23.0698,140.996,1,-167.481,48.2835,4.92187
9.15,206.05,24.7131,141.479,1,-167.899,48.3664,4.93031
9.16,205.507,26.2889,141.963,1,-168.318,48.4492,4.93876
9.17,204.29,27.4335,142.448,1,-168.738,48.5321,4.94721
9.18,202.676,27.8792,142.934,1,-169.159,48.6149,4.95565
9.19,201.036,27.5182,143.421,1,-169.581,48.6978,4.9641
9.2,199.753,26.4292,143.908,1,-170.003,48.7807,4.97254
9.21,199.128,24.8619,144.396,1,-170.427,48.8635,4.98099
9.22,199.313,23.1806,144.886,1,-170.851,48.9464,4.98944
9.23,200.268,21.78,145.375,1,-171.276,49.0292,4.99788
9.24,201.774,20.9925,145.866,1,-171.701,49.1121,5.00633
9.25,203.478,21.0084,146.358,1,-172.128,49.1949,5.01478
9.26,204.976,21.8292,146.85,1,-172.555,49.2778,5.02322
9.27,205.91,23.2645,147.343,1,-172.984,49.3607,5.03167
9.28,206.052,24.975,147.838,1,-173.413,49.4435,5.04011
9.29,205.365,26.5522,148.332,1,-173.843,49.5264,5.04856
9.3,204.006,27.6155,148.828,1,-174.273,49.6092,5.05701
9.31,202.302,27.905,149.325,1,-174.705,49.6921,5.06545
9.32,200.661,27.3455,149.822,1,-175.137,49.7749,5.0739
9.33,199.484,26.0674,150.32,1,-175.571,49.8578,5.08235
9.34,199.06,24.378,150.819,1,-176.005,49.9407,5.09079
9.35,199.498,22.6878,151.319,1,-176.44,50.0235,5.09924
9.36,200.696,21.4117,151.82,1,-176.875,50.1064,5.10768
9.37,202.364,20.8666,152.321,1,-177.312,50.1892,5.11613
9.38,204.093,21.1918,152.824,1,-177.749,50.2721,5.12458
9.39,205.454,22.3123,153.327,1,-178.187,50.3549,5.13302
9.4,206.107,23.9545,153.831,1,-178.626,50.4378,5.14147
9.41,205.885,25.7122,154.336,1,-179.066,50.5207,5.14991
9.42,204.837,27.1463,154.841,1,-179.507,50.6035,5.15836
9.43,203.222,27.8946,155.348,1,-179.948,50.6864,5.16681
9.44,201.442,27.7644,155.855,1,-180.391,50.7692,5.17525
9.45,199.946,26.7829,156.363,1,-180.834,50.8521,5.1837
9.46,199.115,25.1936,156.872,1,-181.278,50.935,5.19215
9.47,199.165,23.3966,157.382,1,-181.723,51.0178,5.20059
9.48,200.089,21.849,157.893,1,-182.168,51.1007,5.20904
9.49,201.655,20.9485,158.404,1,-182.615,51.1835,5.21748
9.5,203.465,20.9303,158.917,1,-183.062,51.2664,5.22593
9.51,205.056,21.8047,159.43,1,-183.51,51.3492,5.23438
9.52,206.014,23.3514,159.944,1,-183.959,51.4321,5.24282
9.53,206.088,25.1738,160.458,1,-184.409,51.515,5.25127
9.54,205.252,26.8,160.974,1,-184.86,51.5978,5.25972
9.55,203.719,27.8045,161.49,1,-185.311,51.6807,5.26816
9.56,201.886,27.9207,162.008,1,-185.764,51.7635,5.27661
9.57,200.231,27.1126,162.526,1,-186.217,51.8464,5.28505
9.58,199.192,25.587,163.045,1,-186.671,51.9292,5.2935
9.59,199.046,23.7423,163.564,1,-187.125,52.0121,5.30195
9.6,199.839,22.0651,164.085,1,-187.581,52.095,5.31039
9.61,201.364,21.0022,164.606,1,-188.037,52.1778,5.31884
9.62,203.221,20.8407,165.129,1,-188.495,52.2607,5.32729
9.63,204.915,21.6295,165.652,1,-188.953,52.3435,5.33573
9.64,205.99,23.1629,166.176,1,-189.412,52.4264,5.34418
9.65,206.153,25.033,166.7,1,-189.871,52.5092,5.35262
9.66,205.356,26.7373,167.226,1,-190.332,52.5921,5.36107
9.67,203.806,27.8133,167.752,1,-190.793,52.675,5.36952
9.68,201.922,27.9651,168.279,1,-191.256,52.7578,5.37796
9.69,200.213,27.1454,168.807,1,-191.719,52.8407,5.38641
9.7,199.148,25.5723,169.336,1,-192.183,52.9235,5.39486
9.71,199.022,23.6721,169.866,1,-192.647,53.0064,5.4033
9.72,199.877,21.9651,170.397,1,-193.113,53.0892,5.41175
9.73,201.482,20.9232,170.928,1,-193.579,53.1721,5.42019
9.74,203.398,20.8386,171.46,1,-194.046,53.255,5.42864
9.75,205.095,21.7407,171.993,1,-194.514,53.3378,5.43709
9.76,206.101,23.3847,172.527,1,-194.983,53.4207,5.44553
9.77,206.13,25.3162,173.062,1,-195.453,53.5035,5.45398
9.78,205.167,26.9963,173.597,1,-195.923,53.5864,5.46242
9.79,203.478,27.9519,174.133,1,-196.395,53.6692,5.47087
9.8,201.533,27.9092,174.671,1,-196.867,53.7521,5.47932
9.81,199.88,26.8742,175.208,1,-197.34,53.835,5.48776
9.82,198.989,25.134,175.747,1,-197.814,53.9178,5.49621
9.83,199.119,23.179,176.287,1,-198.288,54.0007,5.50466
9.84,200.238,21.5649,176.827,1,-198.764,54.0835,5.5131
9.85,202.032,20.7553,177.369,1,-199.24,54.1664,5.52155
9.86,203.992,20.9873,177.911,1,-199.717,54.2492,5.52999
9.87,205.554,22.2005,178.454,1,-200.195,54.3321,5.53844
9.88,206.266,24.051,178.998,1,-200.674,54.415,5.54689
9.89,205.916,26.0072,179.542,1,-201.154,54.4978,5.55533
9.9,204.6,27.5023,180.088,1,-201.634,54.5807,5.56378
9.91,202.694,28.0982,180.634,1,-202.116,54.6635,5.57223
9.92,200.752,27.6155,181.181,1,-202.598,54.7464,5.58067
9.93,199.341,26.1891,181.729,1,-203.081,54.8292,5.58912
9.94,198.88,24.2319,182.278,1,-203.564,54.9121,5.59756
9.95,199.509,22.3172,182.827,1,-204.049,54.995,5.60601
9.96,201.05,21.0107,183.378,1,-204.534,55.0778,5.61446
9.97,203.052,20.7031,183.929,1,-205.021,55.1607,5.6229
9.98,204.922,21.4919,184.481,1,-205.508,55.2435,5.63135
9.99,206.103,23.1486,185.034,1,-205.996,55.3264,5.6398
